FABL,Altenbrunslar,Hp
FACK,Adolfseck,Bush
FAD,Abendstern,Bf
FADD,Allendorf (Dillkr),Hp
FADF,Allendorf (Lumda),Bush
FADF,Allendorf (Lumda),Anst
FADH,Adolfshütte,Bush
FAF,Arfurt (Lahn),Hp
FAFB,Aufenauerberg,Bf
FAFD,Alsfeld (Oberhess),Bf
FAFDH,Alsfeld Hersfelder Str.,Bush
FAFDI,Alsfeld (Oberhessen),Anst
FAFK,Aufenau Kindergarten,Bush
FAG,Albig,Bf
FAGB,Albig Bk,Bk
FAGN,Altengronau Nord,Bush
FAH,Aßmannshausen,Bf
FAH S,Aßmannshausen (Schiff),Slst
FAHM,Alsheim,Bf
FAHN,Altenhasungen,Hp
FAL,Aßlar,Bf
FALB,Albungen,Anst
FALD,Allendorf (Eder),Anst
FALF,Allendorf (Kr Wetzlar),Bush
FALH,Albisheim (Pfrimm),Bf
FALI,Alzey Industriestammgleis,Awanst
FALS,Albshausen,Bf
FALV,Allendorf (Eder) Viessmann I,Anst
FALV,Allendorf (Eder) Viessmann 1,Anst
FALZ,Alzey,Bf
FALZ1,Alzey,Est
FAM,Auringen-Medenbach,Hp
FAMD,Amdorf,Bush
FAMO,Altmorschen,Hp Bk
FANG,Angersbach,Hp Anst
FANR,Anraff,Hp
FAR,Bad Arolsen,Bf
FARM,Armsheim,Bf
FAS,Assenheim (Oberhess),Bf
FASB,Asbach (Kr Hersfeld),Anst
FASM,Asmushausen,Bush
FAST,Altenstadt (Hess),Bf
FAT,Altheim (Hess),Hp
FATF,Altenfeld (Rhön),Hp
FAU,Bad Orb Aumühle,Bf
FAUD,Audenschmiede,Tp
FAUH,Auhammer,Tp
FAUM,Aumenau,Bf
FAVI,Allendorf (Eder) Viessmann II,Anst
FAVI,Allendorf (Eder) Viessmann 2,Anst
FAZ,Anzefahr,Hp
FAZB,Alzenau Burg,Bf
FAZS,Alzey Süd,Hp
FAZU,Alzenau (Unterfr),Bf
FB,Bebra,Bf
FB A,Bebra Pbf/Rbf Ültg,Bft
FB B,Bebra Berg,Bft
FB C,Bebra Rbf/Gbf,Bft
FB M,Bebra Mitte,Bft
FB O,Bebra Ost,Bft
FB R,Bebra Rbf,Bft
FB T,Bebra Tunnel,Bft
FB U,Bebra Umladebahnhof,Bft
FBA,Babenhausen (Hess),Bf
FBAD,Balduinstein,Bf
FBAE,Edersee-Hemfurth,Hp
FBAF,Battenfeld,Tp
FBAH,Balhorn,Bf
FBAL,Ballersbach,Hp
FBAN,Bannberscheid-Staudt,Tp
FBAN,Bannberscheid-Staudt,Anst
FBAU,Bensheim-Auerbach,Bf
FBB,Bruchenbrücken,Hp
FBBH,Birkenbringhausen,Hp
FBBM,Biebesheim,Bf
FBCH,Bacharach,Bf
FBCHS,Bacharach (Schiff),Slst
FBDG,Büdingen (Oberhess),Bf
FBDH,Büches-Düdelsheim,Hp
FBDR,Büdesheim-Dromersheim,Abzw
FBDW,Büdingen,Hp
FBE,Bad Endbach,Hp
FBEB,Bechtolsheim-Biebelnheim,Anst
FBED,Berndorf (Waldeck),Tp
FBEF,Beiseförth,Bf
FBEH,Beiershausen,Tp
FBEI,Beienheim,Bf
FBEN,Bermutshain,Anst
FBES,Beilstein (Dillkr),Tp
FBES,Beilstein (Dillkr),Bf
FBEZ,Berzhahn,Hp
FBFO,Braunfels-Oberndorf,Anst
FBFS,Leun/Braunfels,Bf
FBGG,Bingen-Gaulsheim,Hp
FBGH,Burgholzhausen v d Höhe,Hp
FBGK,Bingen (Rhein) Hbf,Bf
FBGKG,Bingen (Rhein) Gbf,Bft
FBGKS,Bingen (Rhein) (Schiff),Slst
FBGKV,Bingen (Rhein) Vorbahnhof,Bft
FBGN,Bingen (Rhein) Stadt,Bf
FBGR,Baunatal-Grossenritte,Bf
FBH,Bensheim,Bf
FBHB,Bad Hersfeld Babcock-Schilde/RTO,Anst
FBHE,Bad Hersfeld-Eichhof,Tp
FBHF,Bad Hersfeld,Bf
FBHFU,Bad Hersfeld Busbf,Bush
FBHG,Bergheim-Giflitz,Bf
FBHK,Bad Hersfeld Kurpark,Hp
FBHM,Büdesheim (Oberhess),Bf
FBHN,Bernshausen (Oberhess),Anst
FBI,Bickenbach (Bergstr),Bf
FBIB,Bieberstein,Bf
FBIH,Bischhausen,Tp
FBIK,Biedenkopf,Bf
FBIN,Bicken (Dillkreis),Hp
FBIS,Bischoffen,Bf
FBIZ,Biedenkopf Schulzentrum,Hp
FBK,Bruchköbel,Hp
FBKB,Bad Hersfeld Kreisbahn (ehem),Bf
FBL,Biblis,Bf
FBLA,Blankenheim,Bf
FBLB,Bleidenstadt,Museum
FBLH,Bleichenbach (Oberhess),Hp
FBLK,Blankenbach,Bf
FBMA,Bad Marienberg,Bf
FBMB,Baumbach,Hp
FBMH,Bömighausen Burlande,Bush
FBMHW,Bömighausen Wiesengrund,Bush
FBMR,Maintal West,Hp
FBN,Breidenstein (Kr Biedenkopf),Tp
FBNA,Bad Nauheim,Bf
FBNAE,Bad Nauheim EFW,Museum
FBNAP,Bad Nauheim Parkstr.,Bush
FBNG,Burg-und Nieder Gemünden,Bf
FBNN,Bad Nauheim Nord,Bf
FBNU,Buchenau (Lahn),Bf
FBO,Borsdorf (Hess),Hp Anst
FBOD,Bodenheim,Bf
FBOF,Bonaforth Zellstoffwerke,Awanst
FBOK,Borken (Hess),Bf
FBON,Bonbaden,Tp
FBOS,Bosserode,Hp
FBR,Breitscheid (Dillkr),Bf
FBRB,Breitenbach (Kr Kassel),Bf
FBRD,Brandoberndorf,Hp
FBRE,Breidenbach (Kr Biedenkopf),Anst
FBRG,Bürgeln,Hp
FBRH,Breithardt,Museum
FBRM,Breckenheim Plng NBS,Abzw
FBRO,Bronnzell,Anst
FBRS,Kelsterbach Brunnenschneise Plng N,Abzw
FBRU,Brungershausen,Hp
FBSB,Bad Schwalbach,Bf
FBSD,Bad Sooden-Allendorf,Bf
FBSDB,Bad Sooden-Allendorf Bus,Bush
FBSH,Bad Salzhausen,Hp
FBSN,Bergschneise,Abzw
FBSO,Bad Soden (Taunus),Bf
FBSS,Bad Soden-Salmünster,Bf
FBSSB,Bad Soden-Salmünster Bus,Bush
FBST,Bobstadt,Hp
FBTB,Breitenbach (Herzberg),Bf
FBTG,Battenberg,Anst
FBTL,Baunatal,Bf
FBTV,Battenberg Viessmann,Anst
FBUD,Budenheim,Bf
FBUE,Bürstadt,Bf
FBUG,Burg (Dillkr),Bf
FBUH,Burghaun (Kr Hünfeld),Bf
FBUL,Buhlen,Hp
FBUN,Burg (Dillkr) Nord,Hp
FBUO,Burgsolms-Oberndorf,Tp
FBUP,Bürstadt (Hp),Hp
FBUS,Dreieich-Buchschlag,Bf
FBW,Berstadt-Wohnbach,Hp Anst
FBWD,Bad Wildungen,Bf
FBWDB,Bad Wildungen Busbf,Bush
FBZ,Butzbach,Bf
FBZM,Frankfurt Betriebszentrale NL Mitte,BZ
FBZN,Butzbach Nord,Bf
FBZO,Butzbach Ost,Bf
FCA,Bad Camberg,Bf
FCG,Cornberg,Bf
FCH,Chausseehaus,Museum
FCLD,Caldern,Hp Anst
FCOE,Cölbe,Bf
FCU,Carlshütte,Tp
FCX,Raunheim Caltex Plng NBS,Abzw
FD,Darmstadt Hbf,Bf
FD Z,Darmstadt Hbf ZOB,Bush
FDA,Darmstadt-Arheilgen,Bf
FDAL,Darmstadt Lichtwiese,Hp
FDAU,Daubringen,Tp
FDAU,Daubringen,Bf
FDBT,Dillbrecht,Bf
FDCH,Dreieich-Dreieichenhain,Hp
FDD,Damm (Kr Marburg) Dorf,Hp
FDE,Darmstadt-Eberstadt,Bf
FDET,Dettingen (Main),Bf
FDF,Driedorf,Bf
FDFD,Dransfeld,Tp
FDFD,Dransfeld,Bf
FDG,Groß Gerau-Dornberg,Bf
FDH,Dorheim (Wetterau),Hp
FDI,Dieburg,Bf
FDIE,Dietershan,Üst
FDIK,Dillenburg Kurhaus,Tp
FDIL,Dillenburg,Bf
FDIL1,Dillenburg (Est),Est
FDILS,Dillenburg (Stw Bez Ds),Bft
FDIN,Dillenburg Nord,Awanst
FDIO,Diez Ost,Hp
FDIZ,Diez,Bf
FDK,Darmstadt-Kranichstein,Bf
FDME,Darmstadt Merck,Anst
FDN,Darmstadt Nord,Hp Anst
FDO,Darmstadt Ost,Bf
FDOD,Dodenau,Tp
FDOH,Dornheim,Bf
FDS,Darmstadt Süd,Hp
FDST,Dillenburg Stahlwerk,Awanst
FDSU,Dausenau,Hp Anst
FDTH,Dutenhofen (Kr Wetzlar),Bf
FDU,Dudenhofen (b Offenbach),Hp Anst
FDW,Dortelweil,Hp
FDZ,Dietzenbach (Hess),Bf
FDZS,Dietzenbach (Hess) Stadt,Awanst
FEBS,Eberschütz,Tp
FECH,Eichen (Nidder),Hp
FECK,Eckweisbach,Tpg
FECK,Eckweisbach,Tp
FED,Eddersheim,Hp
FEDI,Edingen (Kr Wetzlar),Hp
FEDN,Ederbringhausen,Anst
FEF,Effolderbach,Hp
FEG,Eschwege,Bf
FEGB,Egelsbach,Hp Anst
FEGN,Ehringen,Hp
FEGW,Eschwege West,Bf
FEGWB,Eschwege West Busbf,Bush
FEH,Eiserne Hand,Museum
FEHH,Ehringshausen (Oberhess),Bf
FEHN,Erdhausen,Hp
FEHR,Ehringshausen (Kr Wetzlar),Bf
FEHS,Essershausen,Tp
FEI,Eiterfeld,Tp
FEIB,Eibelshausen,Bf
FEIF,Eifa (Kreis Alsfeld),Bf
FEIH,Eich (Rheinhess),Anst
FEIM,Eichmühle,Abzw
FEIS,Frankfurt Eiserner Steg,Museum
FEIZ,Eichenzell,Hp
FEK,Erbstadt-Kaichen,Hp
FEKW,Gießen Erdkauterweg,Bf
FEL,Elm,Bf
FELH,Elgershausen,Bf
FELI,Elbingen (Oberwesterwaldkr),Tp
FELS,Elz (Kr Limburg/Lahn) Süd,Hp
FELT,Eltville,Bf
FELTS,Eltville (Schiff),Slst
FELZ,Elz (Kr Limburg/Lahn),Bf
FEMD,Eimelrod,Tp
FEMS,Bad Ems,Bf
FEMT,Emstal,Bf
FEMW,Bad Ems West,Hp
FEN,Eschhofen,Bf
FENS,Enspel,Hp
FEP,Eppstein,Bf
FEPB,Eppstein-Bremthal,Hp
FEPP,Eppelsheim (Rheinhess),Bf
FEPR,Epterode,Anst
FER,Eppertshausen,Bf
FERA,Enspel Adrian,Anst
FERB,Erbach (Rheingau),Hp
FERD,Erdbach,Tp
FERH,Ernsthausen (Kr Frankenberg),Hp Anst
FERN,Erbach (Odw) Nord,Hp
FERO,Erbach (Odenw),Bf
FERO1,Erbach(Odenw),Est
FERS,Ersrode,Üst
FERT,Eisemroth,Hp
FERU,Enspel Uhrmacher,Anst
FERW,Nistertal-Bad Marienberg,Bf
FES,Eschborn,Bf
FESS,Eschborn Süd,Hp
FEST,Eschenstruth,Tp
FET,Elters,Tp
FETZ,Etzen-Gesäß,Tp
FEW,Ewersbach,Bf
FEZ,Erzhausen,Bf
FEZL,Echzell,Bf
FF,Frankfurt (Main) Hbf,Bf
FF B,Frankfurt (Main) Hbf Bushaltestelle,Bush
FF H,Frankfurt (Main) Hoch/Tief,Bft
FFA,Frankfurt/M Abstellanlage,Bft
FFAN,Fachingen (Lahn),Bf
FFAU,Frankfurt (Main) Außenbahnhof,Bf
FFAW,Frankfurt-Höchst Farbwerke,Hp
FFAW,Frankfurt-Höchst Industriepark,Hp
FFAWA,Frankfurt-Höchst Farbwerke Ültg,Bft
FFB,Flammersbach,Anst
FFBK,Frankfurt-Berkersheim,Hp
FFBS,Frankfurt-Frankfurter Berg,Bf
FFD,Flieden,Bf
FFDF,Faßdorf,Abzw
FFES,Frankfurt-Eschersheim,Hp
FFG,Friedberg (Hess),Bf
FFG 1,Friedberg(Hess),Est
FFG 2,Friedberg(Hess),Est
FFG O,Friedberg Ost,Bft
FFG S,Friedberg Süd,Bft
FFGA,Frankfurt (Main) Galluswarte,Bf
FFGI,Frankfurt-Ginnheim,Bf
FFGS,Friedberg (Hess) Industriestammgleis,Awanst
FFH,Flörsheim (Main),Bf
FFHH,Frankfurt-Höchst Hoechst AG,Emst
FFHL,Fehl-Ritzhausen,Bf
FFI,Filsen,Hp
FFID,Frieda,Tp
FFIE,Frielingen (Kr Hersfeld),Tp
FFK,Frankfurter Kreuz,Üst
FFL,Friedlos,Hp
FFLA,Flacht,Tp
FFLF,Frankfurt am Main Flughafen Fernbahnho,Bf
FFLU,Frankfurt am Main Flughafen Regionalbf,Bf
FFLUB,Frankfurt (Main) Flughafen Bus,Bush
FFME,Frankfurt am Main Messe,Hp
FFMK,Frankfurt-Mainkur,Bf
FFMKH,Frankfurt-Mainkur,Museum
FFN,Friedelhausen,Hp
FFND,Frankfurt-Nied,Hp
FFNW,Fürstenwald,Hp Anst
FFO,Frankfurt (Main) Ost,Bf
FFO G,Frankfurt (Main) Ost Gbf,Bft
FFOR,Forsthaus (Frankfurt),Abzw
FFR,Frohnhausen (Dillkr),Anst
FFRA,Framersheim,Hp Anst
FFRD,Friedensdorf (Lahn),Bf
FFRE,Frechenhausen,Tp
FFRF,Frielendorf,Anst
FFRG,Frankenberg-Goßberg,Tp
FFRH,Freimersheim,Hp
FFRI,Friedrichsdorf (Taunus),Bf
FFRJ,Frohnhausen (Dillkr) Jvg,Anst
FFRK,Frankenberg (Eder),Bf
FFRK1,Frankenberg(Eder) (Est),Est
FFRL,Fronhausen (Lahn),Bf
FFRN,Frickhofen,Bf
FFRS,Freienfels,Tp
FFS,Frankfurt (Main) Süd,Bf
FFS 1,Frankfurt (Main) Süd (Est),Est
FFS A,Frankfurt (Main) Süd Abstellbahnhof,Bft
FFS G,Frankfurt (Main) Süd Gbf,Bft
FFT,Frankfurt (Main) Hbf (tief),Bft
FFTA,Frankfurt (Main) Taunusanlage,Bf
FFTG,Frankfurt (Main) Hgbf,Bf
FFTGB,Frankfurt (Main) Hgbf Berg,Bft
FFTGE,Frankfurt (Main) Hgbf Einfahrgruppe,Bft
FFTGF,Frankfurt (Main) Hgbf Frz,Abzw
FFTGK,Frankfurt (Main) Hgbf Kehrgleis,Bft
FFTGM,Frankfurt (Main) Hgbf Mitte,Bft
FFTGN,Frankfurt (Main) Hgbf Nordseite,Bft
FFTGR,Frankfurt (Main) Hgbf Frwf,Bft
FFTGS,Frankfurt (Main) Hgbf Südseite,Bft
FFTGW,Frankfurt (Main) Hgbf Aufsicht West,Bft
FFU,Fulda,Bf
FFU A,Fulda/Gersfeld,Bft
FFU B,Fulda Bronnzell,Bft
FFU G,Fulda Gbf,Bft
FFU M,Fulda Gbf Mitte,Bft
FFU N,Fulda SFS Nord,Bft
FFU S,Fulda SFS Süd,Bft
FFU U,Fulda Busbf,Bush
FFU V,Fulda Gbf (W 112),Bft
FFU W,Fulda Gbf (W 123),Bft
FFUE,Fürstenhagen (Hess-Nassau),Tp
FFUE,Fürstenhagen (Hess-Nassau),Bf
FFUR,Fürfurt,Hp
FFW,Frankfurt (Main) West,Bf
FFW A,Frankfurt West,Bft
FFW S,Frankfurt (Main) West S-Bahn,Bft
FFWH,Frankfurt-Westhafen,Tpg
FFZ,Fritzlar,Bf
FFZ B,Fritzlar Busbf,Bush
FFZO,Fritzlar Oppermann,Anst
FG,Gießen,Bf
FG A,Gießen Pbf/Rbf Ültg I,Bft
FG B,Gießen Pbf/Rbf Ültg II,Bft
FG H,Gießen Heyligst.,Bft
FG R,Gießen Rbf,Bft
FG S,Gießen Stw Gr,Bft
FG U,Gießen Busbf,Bush
FGA,Garbenteich,Hp
FGAL,Gau Algesheim,Bf
FGAM,Gambach (Hess),Bf
FGAO,Gau Odernheim,Bf
FGAU,Großauheim (Kr Hanau),Hp
FGB,Gießen-Bergwald,Bf
FGB F,Gießen-Bergwald Stw Gvf,Bft
FGBA,Großburschla,Bf
FGBB,Groß Bieberau,Bf
FGBG,Glauberg,Hp
FGBM,Gau Bickelheim,Hp Anst
FGBU,Grebenau (Oberhess),Bf
FGC,Grebenhain-Crainfeld,Bf
FGD,Grebendorf,Tp
FGDE,Goldhausen RWE,Anst
FGDH,Goldhausen,Bf
FGE,Goddelau-Erfelden,Bf
FGE 1,Goddelau-Erfelden (Est),Est
FGED,Gedern,Tp
FGED,Gedern,Bf
FGEF,Gensungen-Felsberg,Bf
FGEL,Gelnhausen,Bf
FGER,Groß Gerau,Bf
FGEV,Gießen Europaviertel,Anst
FGF,Gießen Flughafen,Tp
FGFD,Gersfeld (Rhön),Bf
FGFDA,Gersfeld (Rhön),Anst
FGFL,Gießen Anschluß Flughafen,Anst
FGGB,Gettenau-Bingenheim,Hp
FGHF,Götzenhof,Bf
FGHM,Gernsheim,Bf
FGHO,Gensingen-Horrweiler,Bf
FGIL,Gilserberg,Bf
FGIM,Gimbsheim,Anst
FGIR,Girod,Hp
FGK,Großkrotzenburg,Bf
FGKA,Groß Karben,Bf
FGL,Großen Linden,Bf
FGLA,Gladenbach,Bf
FGLD,Göllheim-Dreisen,Tp
FGLR,Großenlüder,Bf
FGLRI,Großenlüder,Anst
FGLRR,Großenlüder,Anst
FGM,Frankfurt-Griesheim,Bf
FGM H,Frankfurt-Griesheim Übergabebf,Bft
FGN,Gönnern (Kr Biedenkopf),Tp
FGOE,Göbelnrod,Hp
FGOF,Goßfelden,Hp
FGOG,Gießen Oswaldsgarten,Hp
FGOR,Rödermark RWE Götzenhain,Anst
FGOZ,Dreieich-Götzenhain,Hp Anst
FGR,Grävenwiesbach,Bf
FGRB,Großen Buseck,Bf
FGRD,Griedel,Bf
FGRF,Grifte,Bf
FGRG,Grünberg (Oberhess),Bf
FGRGB,Grünberg (Oberhess) Busbf,Bush
FGRI,Großen Buseck Industriestammgleis,Awanst
FGRK,Gräveneck,Bf
FGRN,Gronau (Hess Nass),Hp
FGRO,Groß Rohrheim,Bf
FGRS,Grund Schwalheim,Anst
FGRT,Großen Buseck Schwabfrucht,Awanst
FGRU,Groß Umstadt,Bf
FGSM,Geisenheim,Bf
FGSN,Grebenstein,Bf
FGTB,Gertenbach,Hp
FGTH,Guntershausen,Bf
FGUB,Guntersblum,Bf
FGUH,Gundersheim (Rheinhess),Hp
FGUR,Gutleuthof,Abzw
FGUS,Groß-Umstadt Gustav-Hacker-Siedlung,Hp
FGW,Großalmerode West,Bf
FGX,Guxhagen,Bf
FGZ,Groß-Zimmern,Tp
FH,Hanau Hbf,Bf
FH 1,Hanau (Est),Est
FH G,Hanau Hbf Gerätelager,Bft
FH H,Hanau Hbf vor Haus Nr 14,Bush
FH M,Hanau Mainbrücke,Bft
FH N,Hanau Norseite,Bft
FH S,Hanau Südseite,Bft
FHAB,Hasselbach,Tp
FHAD,Hadamar,Bf
FHAE,Hähnlein-Alsbach,Hp
FHAG,Neuhof Hartberg,Üst
FHAH,Hattenbach,Üst
FHAI,Haitz-Höchst,Hp
FHAN,Haine,Tp
FHAR,Hartenrod (Kr Biedenkopf),Bf
FHAS,Hattersheim (Main),Bf
FHAT,Hattenheim,Bf
FHAU,Frankfurt (Main) Hauptwache,Bf
FHBG,Herrnberg (Dillkr),Tp
FHBH,Heimboldshausen,Bf
FHBK,Heimboldshausen Kreisbahn,Bf
FHBN,Herbstein,Bf
FHBR,Heusenstamm Brückenmeisterei,Anst
FHBS,Halbs,Tp
FHC,Hoheneiche,Bf
FHD,Maintal Ost,Bf
FHDA,Haueda,Tp
FHDT,Hainstadt (Kr Offenbach),Bf
FHEB,Heinebach,Bf
FHED,Hedemünden,Bf
FHEDM,Hedemünden Mündener Str.,Bush
FHEH,Heckershausen,Hp
FHEI,Heidesheim (Rheinhess),Hp Anst
FHER,Hergershausen,Hp
FHET,Hetschbach,Hp
FHEU,Heusenstamm,Anst
FHEUP,Heusenstamm,Anst
FHF,Hofheim (Taunus),Bf
FHFG,Hofgeismar,Bf
FHG,Haiger,Bf
FHGH,Höringhausen,Hp
FHGO,Haiger Obertor,Hp Bft
FHH,Hettenhausen,Hp
FHHF,Häuserhof,Hp
FHHN,Hainhausen,Hp
FHID,Hillesheim-Dorndürkheim,Anst
FHIL,Hilders (Rhön),Bf
FHIR,Hirzenhain (Dillkr),Tp
FHIZ,Hirzenhain (Oberhess),Bf
FHL,Hasselborn,Hp
FHLI,Hessisch Lichtenau,Bf
FHLS,Hessisch Lichtenau Stadt,Bush
FHM,Hochheim (Main),Bf
FHMB,Hann Münden-Bursfelde,Slst
FHMD,Hann Münden,Bf
FHMDS,Hann Münden (Schiff),Slst
FHME,Hailer-Meerholz,Bf
FHMM,Hümme,Bf
FHMR,Hamm (Rheinhess),Anst
FHN,Hanau Nord,Bf
FHNB,Hönebach,Bf
FHNS,Hahnstätten,Bf
FHNW,Höhn (Westerw),Bf
FHO,Bad Homburg,Bf
FHO 1,Bad Homburg (Est),Est
FHOE,Frankfurt-Höchst,Bf
FHOEA,Frankfurt-Höchst Pbf/Gbf Ültg,Bft
FHOEB,Frankfurt-Höchst Schönbrunn,Anst
FHOEG,Frankfurt-Höchst Gbf,Bft
FHOES,Frankfurt-Höchst S-Bahn/Fernbahn,Bft
FHOF,Hoof (Kr Kassel),Bf
FHOG,Homberg (Kr Alsfeld),Anst
FHOH,Holzhausen (Eder),Bf
FHOM,Homberg (Bz Kassel),Anst
FHOR,Hofheim (Ried),Bf
FHOW,Holzhausen (Kr Wetzlar),Tp
FHP,Heppenheim (Bergstr),Bf
FHR,Hergenroth (Westerw),Tp
FHRB,Herborn (Dillkr),Bf
FHRG,Heringen (Werra),Bf
FHRS,Harmuthsachsen,Tp
FHS,Hausen (Taunus),Hp
FHSA,Helsa,Bf
FHST,Hohenstein (Nass),Bf
FHSU,Hohensülzen,Hp
FHT,Höchst (Odenw),Bf
FHTN,Höchst (Nidder),Hp
FHTZ,Hatzfeld (Eder),Anst
FHUE,Hünfeld,Bf
FHUES,Hünfeld Stadt,Anst
FHUG,Hungen,Bf
FHUG1,Hungen (Est),Est
FHUN,Hundstadt,Hp
FHW,Hanau West,Hp Anst
FHWB,Hanau-Wilhelmsbad,Hp
FHWD,Heldenbergen-Windecken,Bf
FHWE,Hahn-Wehen,Museum
FHZ,Hetzbach,Hp
FHZN,Herzhausen,Anst
FIBR,Ibersheim,Anst
FIDS,Idstein (Taunus) (Üst),Üst
FIH,Ihringshausen,Bf
FIL,Ingelheim,Bf
FIM,Immenhausen,Bf
FIN,Inheiden,Hp
FIR,Itter,Tp
FIS,Igelstein,Awanst Bk
FIST,Idstein (Taunus),Bf
FJUE,Jügesheim,Bf
FK,Kassel Hbf,Bf
FK B,Kassel Busparkpl,Bush
FK L,Kassel Stw Klb,Bft
FKA,Katzenberg,Üst
FKAE,Kälberau,Bf
FKAH,Klein Auheim,Hp
FKAI,Kailbach,Hp
FKAS,Kaiserau,Üst
FKAT,Kattenbühl,Üst
FKAU,Kaub,Bf
FKAUS,Kaub (Schiff),Slst
FKB,Kerkerbach,Bf
FKBH,Kassel-Bettenhausen,Bf
FKBHB,Kassel-Bettenhausen,Anst
FKBS,Korbach Süd,Hp
FKBW,Kaiserbrücke,Abzw
FKBWO,Kaiserbrücke Ost,Abzw
FKCH,Kelsterbach,Bf
FKE,Kelkheim,Bf
FKEH,Kettenheim,Tp
FKEI,Keilsberg,Üst
FKEM,Kelkheim-Münster,Bf
FKES,Kestert,Bf
FKESS,Kestert (Schiff),Slst
FKET,Kettenbach,Bf
FKFH,Kassel Fuldahafen,Anst
FKFT,Katzenfurt,Hp
FKGE,Klein Gerau,Hp
FKGS,Kirch Göns,Hp
FKH,Kassel-Harleshausen,Hp
FKHA,Kirchheimbolanden Hartsteinwerk,Anst
FKHF,Kragenhof,Hp
FKHM,Kirchheim,Bf
FKHN,Königshofen,Bf
FKHO,Kelkheim-Hornau,Bf
FKI,Bad König,Bf
FKIH,Kirchhain (Bz Kassel),Bf
FKIL,Kilianstädten,Hp
FKBB,Kassel-Bettenhausen Bergmann,Anst
FKIN,Kinzenbach,Bf
FKIR,Kirchheimbolanden,Bf
FKIZ,Wiesbaden Kinzenberg,Abzw
FKLB,Kölbingen,Bush
FKLBS,Kassel Stw Klb,Bft
FKLE,Kleba,Tp
FKLM,Kahl (Main),Bf
FKLP,Kahl (Main) Privatb,Bf
FKLU,Klein Umstadt,Bf
FKM,Kraftsolms,Tp
FKMP,Kamp-Bornhofen,Bf
FKMPS,Kamp-Bornhofen (Schiff),Slst
FKNH,Kassel-Nordshausen,Bf
FKNZ,Kassel-Niederzwehren,Bf
FKO,Klein Ostheim,Bf
FKO,Kleinostheim,Bf
FKOA,Kassel-Oberzwehren (Abzw),Abzw
FKOB,Korbach,Bf
FKOB1,Korbach (Est),Est
FKOBB,Korbach Briloner Landstraße,Bush
FKOBI,Korbach,Anst
FKOBK,Korbach Am Kreisel,Bush
FKOBZ,Korbach Ziegelhütte,Bush
FKOE,Königstein (Taunus),Bf
FKON,Frankfurt (Main) Konstablerwache,Bf
FKOO,Kostheim Ost,Abzw
FKOS,Kostheim,Abzw
FKOT,Körle Ost Bbf,Bf
FKOZ,Kassel-Oberzwehren,Hp
FKP,Köppern,Bf
FKR,Kassel Rbf,Bf
FKR D,Dreibrücken,Bft
FKR N,Kassel Rbf Nord,Bft
FKR R,Kassel Rbf Abzw,Bft
FKR S,Kassel Rbf Süd,Bft
FKRB,Kassel Rbf Abzw Berg,Abzw
FKRI,Kriftel,Bf
FKRL,Körle,Bf
FKRO,Kronberg (Taunus),Bf
FKRS,Kronberg Süd,Hp
FKTG,Kassel Tunnelgleis,Abzw
FKU,Kassel Unterstadt,Bf
FKW,Kassel-Wilhelmshöhe,Bf
FKW W,Kassel-Wilhelmshöhe West,Bft
FKWA,Kassel-Waldau,Abzw
FKWAI,Kassel-Waldau Industriestammgleis,Anst
FKWB,Külte-Wetterburg,Anst
FKWN,Kassel Nordwest,Abzw
FKWNA,Kassel Nordwest A,Bft
FKWNB,Kassel Nordwest B,Bft
FKWO,Klein Winternheim-Ober Olm,Hp
FKWS,Kassel-Wilhelmshöhe Süd,Bf
FKWW,Kassel-Wilhelmshöhe West (NE),Bf
FKY,Frankfurt am Main Kleyerstraße,Abzw
FKZ,Kerzell,Üst
FL,Limburg (Lahn),Bf
FLAB,Laubach (Oberhess),Bf
FLAE,Bebra Lämmerberg,Abzw
FLAH,Langenhahn,Bf
FLAN,Langenaubach,Anst
FLAS,Langstadt,Hp
FLAU,Lauterbach (Hess) Nord,Bf
FLB,Lorsbach,Bf
FLBF,Frankfurt (Main) Lokalbahnhof,Bf
FLBG,Laurenburg (Lahn),Bf
FLBR,Lelbach-Rhena,Tp
FLBRB,Lelbach B 251,Bush
FLCH,Laubach (Werra),Tp
FLD,Laudenbach(Kreis Witzenhausen),Tp
FLD,Laudenbach (Kr Witzenhausen) (ehe,Bf
FLDB,Liederbach,Bf
FLDF,Londorf,Bf
FLDS,Liederbach Süd,Hp
FLE,Lengfeld,Bf
FLEH,Lehnheim,Hp
FLF,Langsdorf (Oberhess),Hp
FLFD,Leimsfeld,Tp
FLFR,Liebfrauenkirche,Tp
FLG,Langen (Hess),Bf
FLGS,Lang Göns,Bf
FLH,Loshausen,Tp
FLH,Loshausen Knapp,Anst
FLHK,Lauterbach (Hess) Süd Stabernack,Anst
FLHN,Lindenholzhausen,Hp
FLHS,Lauterbach (Hess) Süd,Bf
FLI,Lich (Oberhess),Bf
FLIB,Liebenau (Bz Kassel),Hp
FLIE,Lieblos,Bf
FLIH,Lispenhausen,Hp
FLIN,Lindheim,Hp
FLIP,Lippoldshausen,Üst
FLIR,Licherode,Bf
FLIS,Limburg (Lahn) Süd Plng NBS,Bf
FLIX,Lixfeld,Tp
FLNG,Langenbieber,Bf
FLO,Lorsch,Bf
FLOE,Löhnberg,Bf
FLOH,Lohra,Hp Anst
FLOL,Lollar,Bf
FLON,Lorchhausen,Hp
FLOR,Lorch (Rhein),Bf
FLORS,Lorch (Rhein) (Schiff),Slst
FLP,Lampertheim,Bf
FLR,Lamerden,Bf
FLRN,Kalbach Landrücken Nord,Üst
FLRS,Sinntal Landrücken Süd,Üst
FLS,Frankfurt-Louisa,Bf
FLST,Licher Straße,Hp
FLSW,Langenschwarz,Bf
FLUE,Lütter,Bf
FLUT,Lutterberg,Üst
FLW,Leeheim-Wolfskehlen,Hp Anst
FLWH,Ludwigshütte,Anst
FLY,Loreley,Bf
FMAB,Maberzell,Bf
FMAI,Mainzlar,Anst
FMAL,Malkomes,Bf
FMAN,Mandern,Hp
FMAS,Mainaschaff,Hp Anst
FMB,Mainz-Bischofsheim,Bf
FMB A,Mainz-Bischofsheim Überltg I,Bft
FMB M,Mainz-Bischofsheim Mitte,Bft
FMB N,Mainz-Bischofsheim Überltg II,Bft
FMB O,Mainz-Bischofsheim Ostseite,Bft
FMB P,Mainz-Bischofsheim Pbf,Bft
FMB W,Mainz-Bischofsheim Westseite,Bft
FMBA,Mühlbach,Üst
FMBG,Marburg (Lahn),Bf
FMBG1,Marburg(Lahn),Est
FMBS,Marburg Süd,Hp Anst
FMCK,Mücke (Hessen),Bf
FMDW,Mainzlar Didierwerke,Anst
FME,Mecklar,Bf
FMED,Medenbach,Awanst
FMER,Merkenfritz,Tp
FMES,Messel,Bf
FMET,Mettenheim,Hp
FMEU,Meudt (Westerw),Bf
FMEV,Meudt (Ww) Villeroy & Boch II,Anst
FMF,Mörfelden,Bf
FMFD,Malsfeld,Bf
FMFH,Malsfeld (Hp),Hp
FMG,Mainz-Gustavsburg,Bf
FMGD,Mittel Gründau,Bf
FMGH,Mengeringhausen,Anst
FMGN,Mainz-Gustavsburg Hafen,Emst
FMGN,Mainz-Gustavsburg Hafen,Anst
FMGO,Mainz-Gonsenheim,Bf
FMGR,Mümling-Grumbach,Bf
FMGT,Mariengarten,Museum
FMH,Mühlheim (Main),Hp Üst
FMHD,Mühlheim-Dietesheim,Hp Üst
FMHF,Mönchehof (Kr Kassel),Bf
FMHM,Marnheim,Bf
FMHN,Münchhausen,Bf
FMHO,Mühlheim (Main) Ost,Üst
FMHU,Mainz Hafen Ubf,Bf
FMI,Michelstadt,Bf
FMIB,Michelbach (Nass),Tp
FMIC,Michelbach (Unterfr),Bf
FMIR,Michelsrombach,Üst
FMK,Mainz-Kastel,Bf
FMKS,Mainz Kleiner Sand,Awanst
FML,Mainz-Laubenheim,Hp
FMLA,Frankfurt Mainzer Landstraße,Abzw
FMLB,Melbach,Hp
FMLS,Melsungen,Bf
FMM,Mainz-Mombach,Bf
FMMB,Mainz-Marienborn,Bf
FMN,Mainz Nord,Hp
FMNH,Meineringhausen,Hp
FMO,Mornshausen,Hp
FMOE,Mömbris-Mensengesäß,Bf
FMOF,Niederahr Fuchs'sche Tongruben,Anst
FMOH,Raunheim Mönchhof,Abzw
FMON,Monzernheim,Tp
FMOR,Morschheim,Emst
FMOR,Morschheim,Anst
FMOS,Moschheim,Bf
FMOW,Raunheim Mönchwald,Abzw
FMR,Marbach (Kr Fulda),Bf
FMS,Mainz Süd,Bf
FMSF,Fulda Münsterfeld,Awanst
FMSH,Monsheim,Bf
FMST,Frankfurt Main-Neckar-Brücke,Abzw
FMT,Montabaur,Bf
FMTB,Montabaur Süd,Bf
FMTN,Montabaur Nord,Bf
FMTR,Münster (b Dieburg),Hp
FMTS,Montabaur Seelbach,Anst
FMTZ,Sandbach (Odw) Metzeler,Awanst
FMUE,Münzenberg,Bf
FMUL,Frankfurt (Main) Mühlberg,Bf
FMW,Mainz-Weisenau,Hp
FMWG,Mainz-Weisenau Gbf,Bf
FMZ,Mainz Hbf,Bf
FMZ A,Mainz Pbf/Gbf,Bft
FMZ G,Mainz Gbf,Bft
FMZ K,Mainz Hbf K-W-Ring,Bush
FMZ R,Mainz am Rathaus,Slst
FNAC,Nackenheim,Hp
FNAP,Neu-Anspach,Hp Anst
FNAS,Nassau (Lahn),Bf
FNAU,Nausis (Kr Ziegenhain),Tp
FNB,Niederbieber,Tp
FNBH,Niederbeisheim,Tp
FNCH,Niederbrechen,Bf
FND,Nidda,Bf
FND 1,Nidda Est,Est
FNDA,Niederahr,Bf
FNDH,Niederheimbach,Bf
FNDHS,Niederheimbach (Schiff),Slst
FNDS,Niederscheld (Dillkr) Süd,Hp
FNDW,Niederweimar,Hp
FNEH,Niedereisenhausen,Emst
FNEH,Niedereisenhausen,Tp
FNEH,Niedereisenhausen,Anst
FNF,Neuhof (Kr Fulda),Bf
FNFD,Nieder Flörsheim-Dalsheim,Hp
FNG,Niederkaufungen,Tp
FNH,Niederhöchstadt,Bf
FNHD,Niederhadamar,Hp
FNHS,Neuhaus (Oberhess),Anst
FNI,Frankfurt-Niederrad,Bf
FNIA,Niederaula,Bf
FNIAI,Niederaula Industriegleis,Anst
FNIB,Niedererbach,Hp
FNIC,Nicolausstollen,Tp
FNID,Niederscheld (Dillkr) Nord,Tp
FNIE,Niederdorfelden,Bf
FNIH,Niedersteinbach,Bf
FNIJ,Niederjossa,Bf
FNIN,Niederroßbach-Neustadt,Tp
FNIP,Nippe,Bf
FNIR,Nierstein,Bf
FNIS,Neu-Isenburg,Bf
FNIV,Nievern,Hp
FNIZ,Niederzeuzheim,Bf
FNJ,Niederjosbach,Hp
FNK,Haunetal-Neukirchen,Bf
FNKI,Neukirchen (Kr Wetzlar),Tp
FNKZ,Neukirchen (Kr Ziegenhain),Anst
FNL,Niederwalgern,Bf
FNMB,Naumburg (Bz Kassel),Bf
FNMI,Niedermittlau,Hp
FNMT,Niedernhausen Rhein-Main Theater,Hp
FNO,Nieder Ohmen,Bf
FNOD,Neustadt (Odenw),Bf
FNOF,Nieder Ofleiden,Anst
FNOL,Nieder Olm,Bf
FNOM,Nieder Ofleiden MHI,Anst
FNOS,Nordenstadt,Üst
FNR,Nieder Ramstadt-Traisa,Hp
FNRD,Neerdar,Tp
FNRI,Nieder Roden Industriestammgleis,Awanst
FNRO,Nieder Roden,Bf
FNRW,Nieder Wöllstadt,Bf
FNS,Niederselters,Hp
FNSD,Niedernhausen (Taunus),Bf
FNSM,Neustadt (Kr Marburg),Bf
FNU,Nauheim (b Groß Gerau),Bf
FNV,Niedervellmar,Abzw
FNW,Niederwetter,Tp
FNWF,Niederwalluf,Bf
FNWS,Nösberts-Weidmoos,Tp
FNZ,Netze,Hp
FO,Offenbach (Main) Hbf,Bf
FO 1,Offenbach (Main) Est,Est
FO G,Offenbach (Main) Gbf,Bft
FOA,Oberaula,Anst
FOB,Oberbrechen,Hp
FOBA,Oberbimbach,Hp
FOBB,Obbornhofen-Bellersheim,Hp
FOBD,Oberdorfelden,Hp
FOBE,Oberhörgern-Eberstadt,Bf
FOBG,Ortenberg (Oberhessen),Tp
FOBH,Obernhof (Lahn),Bf
FOBI,Offenbach-Bieber,Bf
FOBM,Oberbeisheim,Anst
FOBN,Oberhaun,Bf
FOBR,Oberrieden,Bf
FOBS,Obersuhl,Bf
FOBW,Oberwesel,Bf
FOBWS,Oberwesel (Schiff),Slst
FOCK,Ockenheim,Hp
FOE,Oestrich-Winkel,Bf
FOET,Ötmannshausen,Tp
FOFF,Dreieich-Offenthal,Hp
FOFH,Offenbach (Dillkr),Hp Anst
FOHF,Osthofen,Bf
FOHS,Dreikirchen,Hp
FOK,Okarben,Hp
FOKL,Offenbach-Kaiserlei,Hp
FOKN,Oberkaufungen,Bf
FOLK,Ohlenbeck Gasthaus,Bush
FOLM,Offenbach Ledermuseum,Hp
FOM,Ostheim (b Butzbach),Hp
FOMP,Offenbach Marktplatz,Hp
FONH,Ober-Niederhone,Hp
FONN,Oberneisen,Bf
FOO,Offenbach (Main) Ost,Hp
FOPN,Oppershofen,Bf
FOPP,Oppenheim,Bf
FOR,Bad Orb,Bf
FOR B,Bad Orb Busbf,Bush
FORA,Ober Ramstadt,Bf
FORD,Rödermark-Ober Roden,Bf
FORD1,Ober Roden Est,Est
FORF,Bad Orb Frankfurter Str,Bush
FORH,Oberscheld Hochofen,Tp
FORT,Oberscheld Ort,Tp
FOS,Ostheim (Kr Hanau),Hp
FOSD,Oberscheden,Bf
FOSN,Oberelsungen,Hp
FOSS,Oberselters (Plng NBS),Bk
FOST,Frankfurt (Main) Ostendstraße,Bf
FOT,Ottrau,Anst
FOTS,Obertshausen (Kr Offenbach),Bf
FOU,Oberursel (Taunus),Bf
FOUS,Oberursel-Stierstadt,Hp
FOV,Obervellmar,Bf
FOW,Ober Widdersheim,Bf
FOWA,Oberwald,Bf
FPAP,Papierfabrik,Bf
FPD,Pfeddersheim,Bf
FPF,Pfahlgraben,Bf
FPHT,Philippsthal,Bf
FPOL,Pohlgöns,Bf
FPU,Pfungstadt,Bf
FQU,Quotshausen,Tp
FRA,Raunheim,Bf
FRAC,Raunheim Caltex & Tikona,Anst
FRAN,Ranstadt,Hp
FRB,Rodenbach (Dillkr),Hp
FRBH,Ransbach (Kr Hersfeld),Bf
FRD,Rabenscheid,Anst
FRDF,Roßdorf (b Darmstadt),Tp
FRDH,Rüdesheim (Rhein),Bf
FRDH1,Rüdesheim (Rhein) Est,Est
FRDHS,Rüdesheim (Rhein) (Schiff),Slst
FRE,Reddighausen,Anst
FRED,Rennerod (Westerw),Bf
FREH,Rengershausen,Bf
FREI,Reinheim (Odenw),Bf
FRER,Reddighäuser Hammer,Tp
FRFD,Remsfeld,Tp
FRFH,Röhrenfurth,Hp
FRH,Frankfurt-Rödelheim,Bf
FRHA,Rörshain,Tp
FRHD,Rheindürkheim,Anst
FRHM,Reichelsheim (Wetterau),Bf
FRHN,Rennertehausen,Tp
FRID,Ried,Hp
FRIE,Riedrode,Hp
FRIH,Richthof,Üst
FRO,Rodheim v d Höhe,Bf
FROB,Rockenberg,Bf
FROD,Rodenbach bei Hanau,Hp
FROE,Rödgen,Tp
FROF,Rotenburg an der Fulda,Bf
FROFB,Rotenburg (Fulda) Bus,Bush
FROH,Rönshausen,Hp
FROL,Rollwald,Hp
FRON,Ronshausen,Hp
FROS,Rosbach v d Höhe,Hp Anst
FRP,Rupsroth,Tp
FRS,Rückersbacher Schlucht,Hp
FRSA,Reichensachsen,Bf
FRSK,Reiskirchen (Kr Gießen),Bf
FRSW,Reichensachsen West,Tp
FRTN,Rotenhain,Bf
FRU,Rückershausen,Anst
FRUE,Rüsselsheim,Bf
FRUK,Runkel,Hp
FRUO,Rüsselsheim Opelwerk,Bft
FRW,Rauschwald,Abzw
FRX,Rixfeld,Anst
FRZ,Renzendorf,Hp Anst
FSA,Steinau (Straße),Bf
FSAA,Saasen,Hp
FSAD,Sainscheid,Tp
FSAF,Steinau (Kr Fulda),Hp
FSAN,Sandbach (Odenw),Bf
FSAW,Sachsenhausen (Waldeck),Hp Anst
FSB,Saalburg (Taunus),Hp
FSBA,Schlierbach (Kr Fritzlar),Bf
FSBG,Spangenberg,Tp
FSBH,Steinbach (Rhön),Tp
FSBL,Schweinsbühl Abzw,Bush
FSBN,Schimborn,Bf
FSBR,Steinbrücken,Tp
FSCH,Schöllenbach-Hesselbach,Hp
FSE,Herbornseelbach,Bf
FSEI,Seiferts,Bf
FSEL,Seligenstadt (Hess),Bf
FSF,Bad Salzschlirf,Bf
FSF B,Bad Salzschlirf Bus,Bush
FSFZ,Steinefrenz,Bf
FSG,Seulberg,Hp
FSGH,St. Goarshausen,Bf
FSGHS,St. Goarshausen (Schiff),Slst
FSGO,St. Goar,Bf
FSGOS,St. Goar (Schiff),Slst
FSH,Selzen-Hahnheim,Bf
FSHF,Frankfurt (Main) Schlachthof,Abzw
FSHM,Steinheim/Main,Hp Anst
FSHZ,Steinholz,Anst
FSI,Sinn,Bf
FSIN,Frankfurt-Sindlingen,Hp
FSK,Schöllkrippen,Bf
FSKD,Schenklengsfeld,Bf
FSKZ,Schenksolz,Bf
FSL,Singlis,Hp
FSLB,Langenselbold,Bf
FSLH,Saulheim,Bf
FSLM,Schmittlotheim,Tp
FSLZ,Schlitz (Hess),Bf
FSMH,Simtshausen,Hp
FSMU,Schmalnau,Bf
FSN,Sechshelden,Hp
FSNH,Schneidhain,Bf
FSO,Frankfurt-Sossenheim,Hp
FSOE,Schönbach (Dillkr),Tp
FSOL,Solms,Hp Bk
FSON,Sontra,Bf
FSOR,Sorga (Kr Hersfeld),Bf
FSP,Frankfurt (Main) Sportfeld,Bf
FSPE,Speele,Bf
FSPO,Dreieich-Sprendlingen,Bf
FSPR,Sprendlingen (Rheinhess),Bf
FSR,Sarnau,Bf
FSRA,Schreufa,Tp
FST,Staffel,Bf
FSTA,Stadtallendorf,Bf
FSTD,Steeden,Emst
FSTE,Steinerts,Abzw
FSTF,Steinfurth,Bf
FSTH,Stockhausen (Lahn),Bf
FSTK,Stockstadt (Main),Bf
FSTL,Frankfurt (Main) Stresemannallee,Hp
FSTM,Stockheim (Oberhess),Bf
FSTM1,Stockheim(Oberhess) Est,Est
FSTN,Stockschneise,Abzw
FSTR,Stockstadt (Rhein),Hp
FSTS,Schwalbach a Ts (Limes),Hp
FSTZ,Sterbfritz,Bf
FSUE,Schlüchtern,Bf
FSUEZ,Ziegenberg (Schlüchtern),Bft
FSWA,Frankfurt-Schwanheim,Abzw
FSWB,Schwebda Bbf,Bf
FSWF,Frankfurt-Schwanheim Fernbahn,Abzw
FSWG,Schweinsberg,Anst
FSWH,Schwebda,Tp
FSWR,Schwarzenbach,Üst
FSWS,Frankfurt-Schwanheim S-Bahn,Abzw
FSY,Willingen-Stryck,Hp
FSZ,Sulzbach (Taunus),Hp Anst
FSZH,Sterzhausen,Hp Anst
FSZN,Sulzbach (Taunus) Nord,Hp
FTH,Trais-Horloff,Hp
FTM,Taubertsmühle,Awanst
FTMU,Trais-Münzenberg,Bf
FTOH,Todenhausen,Tp
FTR,Treis (Hess),Tp
FTRE,Trechtingshausen,Hp
FTRES,Trechtingshausen (Schiff),Slst
FTRF,Treischfeld (ehem),Bf
FTS,Treysa,Bf
FTS 1,Treysa Est,Est
FTSB,Treysa Bundeswehr,Anst
FTSF,Treysa Freudenberg,Anst
FTW,Twiste,Hp Anst
FUCH,Rödermark-Urberach,Bf
FUEB,Uebernthal,Hp
FUK,Uckersdorf,Tp
FUKO,Unnau-Korb,Hp
FULB,Frankfurt-Unterliederbach,Bf
FUNG,Ungedanken,Hp
FUNK,Undenheim-Köngernheim,Anst
FUR,Uhlerborn,Bf
FURBN,Oberwesel Urbar I,Üst
FURBS,Oberwesel Urbar II,Üst
FUS,Usseln,Bf
FUS H,Usseln Heimberg,Bush
FUS K,Usseln Katholische Kirche,Bush
FUS S,Usseln Schneppelnberg,Bush
FUSB,Usseln Brechpunkt,Brchpk
FUSI,Usingen,Bf
FUT,Uttershausen,Abzw
FVA,Volkmarsen,Bf
FVA 1,Volkmarsen,Est
FVE,Velmeden,Bf
FVI,Viermünden,Anst
FVL,Bad Vilbel,Bf
FVLS,Bad Vilbel Süd,Hp
FVM,Vollmerz,Bf
FVR,Villmar,Bf
FW,Wiesbaden Hbf,Bf
FW 1,Wiesbaden Est,Est
FW D,Wiesbaden-Dotzheim,Museum
FW G,Wiesbaden Gütergleis,Bft
FW W,Wiesbaden Waldstraße,Bft
FW Z,Wiesbaden Hbf ZOB,Bush
FWA,Wallau (Lahn),Bf
FWAB,Wabern (Bz Kassel),Bf
FWAB1,Wabern,Est
FWAC,Wallau (Lahn) Christmann&Pfeiffer,Anst
FWAD,Wallenrod,Bf
FWAE,Wächtersbach,Bf
FWAG,Walburg (Hess-Nass),Bf
FWAH,Wallertheim,Hp Anst
FWAM,Wachenheim-Mölsheim,Tp
FWAN,Wanfried,Bf
FWAS,Wallau (Lahn) Seibel&Reitz,Anst
FWB,Wiesbaden-Biebrich,Bf
FWB A,Wiesbaden-Biebrich Ültg,Bft
FWB S,Wiesbaden-Biebrich (Schiff),Slst
FWBA,Waldbach,Bk
FWBG,Westerburg,Bf
FWBG1,Westerburg Est,Est
FWBH,Weilbach Plng NBS,Abzw
FWBK,Wächtersbach Kreisb,Bf
FWBR,Werk Braun,Hp
FWCK,Weckesheim,Hp
FWDF,Werdorf,Hp
FWDH,Weidenhausen (Kr Biedenkopf),Hp Anst
FWE,Wiesbaden-Erbenheim,Bf
FWEB,Weißenborn (Kr Ziegenhain),Tp
FWED,Dreieich-Weibelfeld,Hp
FWEH,Wehrheim,Bf
FWEI,Weimar (Kr Kassel),Bf
FWEK,Weiskirchen (b Offenbach),Bf
FWEL,Wendelsheim,Bf
FWER,Werlau,Bf
FWES,Welkers,Hp Awanst
FWESS,Welkers Sulo Werk,Awanst
FWF,Walldorf (Hess),Bf
FWFG,Wolfgang (Kr Hanau),Bf
FWFH,Wolfhagen,Bf
FWFK,Waggonfabrik,Hp
FWG,Weilburg,Bf
FWG 1,Weilburg Est,Est
FWGA,Wega,Bf
FWGAW,Wega (W 17),Bft
FWH,Wiebelsbach-Heubach,Bf
FWH 1,Wiebelsbach-Heubach Est,Est
FWHA,Wohra,Tp
FWHF,Worms Hafen,Anst
FWHM,Wahlheim (Kr Alzey),Anst
FWHN,Wehrshausen,Bf
FWI,Weiterstadt,Bf
FWIE,Wiesenbach (Kr Biedenkopf),Tp
FWIF,Wiesenfeld,Hp
FWIG,Wiesbaden-Igstadt,Bf
FWIL,Wildsberg,Üst
FWIN,Windecken (Kr Hanau),Hp
FWIR,Wirtheim,Bf
FWIS,Wissenbach (Dillkr),Anst
FWKI,Wabern Kimm,Awanst
FWL,Wilhelmsdorf (Taunus),Bf
FWLD,Waldeck,Bf
FWLM,Willmenrod,Hp
FWLN,Willingen,Bf
FWLNP,Willingen Alte Post,Bush
FWLNR,Willingen Rathaus,Bush
FWM,Weilmünster (Oberlahnkr),Tp
FWMD,Wallmerod (Westerw),Bf
FWN,Oberursel-Weißkirchen/Steinbach,Bf
FWO,Wiesbaden Ost,Bf
FWO A,Wiesbaden Ost Gbf Ültg,Bft
FWO G,Wiesbaden Ost Gbf,Bft
FWOB,Worms Brücke,Hp
FWOD,Wörsdorf,Hp
FWOE,Wölfersheim-Södel,Bf
FWOH,Wiesbaden Ost Henkell,Awanst
FWOI,Worms Stadt Industriestammgleis,Awanst
FWOL,Wolfskehlen,Tp
FWOL,Wolfskehlen,Üst
FWOM,Wommelshausen,Hp
FWON,Wolfershausen,Hp
FWOR,Worms Hbf,Bf
FWORG,Worms Gbf,Bft
FWOZ,Wolzhausen,Tp
FWP,Waldkappel,Tp
FWP,Waldkappel,Bf
FWR,Wetzlar,Bf
FWR B,Wetzlar (Bus),Bush
FWR G,Wetzlar Gbf,Bft
FWRA,Wiera,Hp
FWRH,Werleshausen,Tp
FWRO,Weiterode,Abzw
FWRR,Wörrstadt,Bf
FWRT,Willroth Plng NBS,Üst
FWRY,Wetzlar Bundeswehr-Verladeanlage,Bf
FWS,Wiesbaden-Schierstein,Bf
FWSA,Salzbach,Abzw
FWST,Watzenborn-Steinberg,Hp
FWT,Wetter (Hess-Nass),Bf
FWTH,Wilsenroth,Bf
FWUE,Wilhelmshütte (Lahn),Hp
FWW,Wiesbaden West,Bf
FWWG,Wernswig,Anst
FWWN,Wiesbaden-Wäschbach Nord,Abzw
FWWS,Wiesbaden-Wäschbach Süd,Abzw
FWX,Darmstadt-Wixhausen,Hp
FWZ,Welgesheim-Zotzenheim,Hp Anst
FWZN,Witzenhausen Nord,Bf
FZB,Zierenberg,Bf
FZBR,Zierenberg-Rosental,Hp
FZE,Zennern,Hp
FZEP,Zeppelinheim,Bf
FZH,Zellhausen,Hp
FZK,Zell-Kirchbrombach,Bf
FZL,Zella (Kr Ziegenhain),Anst
FZM,Zimmersrode,Bf
FZN,Schwalmstadt-Ziegenhain,Bush
FZO,Zollhaus (Nass),Bf
FZR,Zell-Romrod,Bf
FZS,Ziegenhain (Bz Kassel) Süd,Anst
FZW,Zwingenberg (Bergstr),Bf